{
  "0": {
    "precision": 0.9296875,
    "recall": 0.8981132075471698,
    "f1-score": 0.9136276391554703,
    "support": 265.0
  },
  "1": {
    "precision": 1.0,
    "recall": 1.0,
    "f1-score": 1.0,
    "support": 104.0
  },
  "2": {
    "precision": 0.9191616766467066,
    "recall": 0.941717791411043,
    "f1-score": 0.9303030303030303,
    "support": 326.0
  },
  "3": {
    "precision": 0.9125,
    "recall": 0.926657263751763,
    "f1-score": 0.9195241427571729,
    "support": 709.0
  },
  "4": {
    "precision": 0.96398891966759,
    "recall": 0.9354838709677419,
    "f1-score": 0.9495225102319236,
    "support": 372.0
  },
  "5": {
    "precision": 0.9484029484029484,
    "recall": 0.9507389162561576,
    "f1-score": 0.949569495694957,
    "support": 406.0
  },
  "6": {
    "precision": 0.8690702087286527,
    "recall": 0.8690702087286527,
    "f1-score": 0.8690702087286527,
    "support": 527.0
  },
  "accuracy": 0.9221114802510151,
  "macro avg": {
    "precision": 0.9346873219208425,
    "recall": 0.9316830369517897,
    "f1-score": 0.9330881466958866,
    "support": 2709.0
  },
  "weighted avg": {
    "precision": 0.9223447284070753,
    "recall": 0.9221114802510151,
    "f1-score": 0.922141129024825,
    "support": 2709.0
  }
}